Date,Year,Month,Week,Day
2024-07-13,2024,Jul 2024,28,Saturday
2024-07-14,2024,Jul 2024,28,Sunday
2024-07-15,2024,Jul 2024,29,Monday
2024-07-16,2024,Jul 2024,29,Tuesday
2024-07-17,2024,Jul 2024,29,Wednesday
2024-07-18,2024,Jul 2024,29,Thursday
2024-07-19,2024,Jul 2024,29,Friday
2024-07-20,2024,Jul 2024,29,Saturday
2024-07-21,2024,Jul 2024,29,Sunday
2024-07-22,2024,Jul 2024,30,Monday
2024-07-23,2024,Jul 2024,30,Tuesday
2024-07-24,2024,Jul 2024,30,Wednesday
2024-07-25,2024,Jul 2024,30,Thursday
2024-07-26,2024,Jul 2024,30,Friday
2024-07-27,2024,Jul 2024,30,Saturday
2024-07-28,2024,Jul 2024,30,Sunday
2024-07-29,2024,Jul 2024,31,Monday
2024-07-30,2024,Jul 2024,31,Tuesday
2024-07-31,2024,Jul 2024,31,Wednesday
2024-08-01,2024,Aug 2024,31,Thursday
2024-08-02,2024,Aug 2024,31,Friday
2024-08-03,2024,Aug 2024,31,Saturday
2024-08-04,2024,Aug 2024,31,Sunday
2024-08-05,2024,Aug 2024,32,Monday
2024-08-06,2024,Aug 2024,32,Tuesday
2024-08-07,2024,Aug 2024,32,Wednesday
2024-08-08,2024,Aug 2024,32,Thursday
2024-08-09,2024,Aug 2024,32,Friday
2024-08-10,2024,Aug 2024,32,Saturday
2024-08-11,2024,Aug 2024,32,Sunday
2024-08-12,2024,Aug 2024,33,Monday
2024-08-13,2024,Aug 2024,33,Tuesday
2024-08-14,2024,Aug 2024,33,Wednesday
2024-08-15,2024,Aug 2024,33,Thursday
2024-08-16,2024,Aug 2024,33,Friday
2024-08-17,2024,Aug 2024,33,Saturday
2024-08-18,2024,Aug 2024,33,Sunday
2024-08-19,2024,Aug 2024,34,Monday
2024-08-20,2024,Aug 2024,34,Tuesday
2024-08-21,2024,Aug 2024,34,Wednesday
2024-08-22,2024,Aug 2024,34,Thursday
2024-08-23,2024,Aug 2024,34,Friday
2024-08-24,2024,Aug 2024,34,Saturday
2024-08-25,2024,Aug 2024,34,Sunday
2024-08-26,2024,Aug 2024,35,Monday
2024-08-27,2024,Aug 2024,35,Tuesday
2024-08-28,2024,Aug 2024,35,Wednesday
2024-08-29,2024,Aug 2024,35,Thursday
2024-08-30,2024,Aug 2024,35,Friday
2024-08-31,2024,Aug 2024,35,Saturday
2024-09-01,2024,Sep 2024,35,Sunday
2024-09-02,2024,Sep 2024,36,Monday
2024-09-03,2024,Sep 2024,36,Tuesday
2024-09-04,2024,Sep 2024,36,Wednesday
2024-09-05,2024,Sep 2024,36,Thursday
2024-09-06,2024,Sep 2024,36,Friday
2024-09-07,2024,Sep 2024,36,Saturday
2024-09-08,2024,Sep 2024,36,Sunday
2024-09-09,2024,Sep 2024,37,Monday
2024-09-10,2024,Sep 2024,37,Tuesday
2024-09-11,2024,Sep 2024,37,Wednesday
2024-09-12,2024,Sep 2024,37,Thursday
2024-09-13,2024,Sep 2024,37,Friday
2024-09-14,2024,Sep 2024,37,Saturday
2024-09-15,2024,Sep 2024,37,Sunday
2024-09-16,2024,Sep 2024,38,Monday
2024-09-17,2024,Sep 2024,38,Tuesday
2024-09-18,2024,Sep 2024,38,Wednesday
2024-09-19,2024,Sep 2024,38,Thursday
2024-09-20,2024,Sep 2024,38,Friday
2024-09-21,2024,Sep 2024,38,Saturday
2024-09-22,2024,Sep 2024,38,Sunday
2024-09-23,2024,Sep 2024,39,Monday
2024-09-24,2024,Sep 2024,39,Tuesday
2024-09-25,2024,Sep 2024,39,Wednesday
2024-09-26,2024,Sep 2024,39,Thursday
2024-09-27,2024,Sep 2024,39,Friday
2024-09-28,2024,Sep 2024,39,Saturday
2024-09-29,2024,Sep 2024,39,Sunday
2024-09-30,2024,Sep 2024,40,Monday
2024-10-01,2024,Oct 2024,40,Tuesday
2024-10-02,2024,Oct 2024,40,Wednesday
2024-10-03,2024,Oct 2024,40,Thursday
2024-10-04,2024,Oct 2024,40,Friday
2024-10-05,2024,Oct 2024,40,Saturday
2024-10-06,2024,Oct 2024,40,Sunday
2024-10-07,2024,Oct 2024,41,Monday
2024-10-08,2024,Oct 2024,41,Tuesday
2024-10-09,2024,Oct 2024,41,Wednesday
2024-10-10,2024,Oct 2024,41,Thursday
2024-10-11,2024,Oct 2024,41,Friday
2024-10-12,2024,Oct 2024,41,Saturday
2024-10-13,2024,Oct 2024,41,Sunday
2024-10-14,2024,Oct 2024,42,Monday
2024-10-15,2024,Oct 2024,42,Tuesday
2024-10-16,2024,Oct 2024,42,Wednesday
2024-10-17,2024,Oct 2024,42,Thursday
2024-10-18,2024,Oct 2024,42,Friday
2024-10-19,2024,Oct 2024,42,Saturday
2024-10-20,2024,Oct 2024,42,Sunday
2024-10-21,2024,Oct 2024,43,Monday
2024-10-22,2024,Oct 2024,43,Tuesday
2024-10-23,2024,Oct 2024,43,Wednesday
2024-10-24,2024,Oct 2024,43,Thursday
2024-10-25,2024,Oct 2024,43,Friday
2024-10-26,2024,Oct 2024,43,Saturday
2024-10-27,2024,Oct 2024,43,Sunday
2024-10-28,2024,Oct 2024,44,Monday
2024-10-29,2024,Oct 2024,44,Tuesday
2024-10-30,2024,Oct 2024,44,Wednesday
2024-10-31,2024,Oct 2024,44,Thursday
2024-11-01,2024,Nov 2024,44,Friday
2024-11-02,2024,Nov 2024,44,Saturday
2024-11-03,2024,Nov 2024,44,Sunday
2024-11-04,2024,Nov 2024,45,Monday
2024-11-05,2024,Nov 2024,45,Tuesday
2024-11-06,2024,Nov 2024,45,Wednesday
2024-11-07,2024,Nov 2024,45,Thursday
2024-11-08,2024,Nov 2024,45,Friday
2024-11-09,2024,Nov 2024,45,Saturday
2024-11-10,2024,Nov 2024,45,Sunday
2024-11-11,2024,Nov 2024,46,Monday
2024-11-12,2024,Nov 2024,46,Tuesday
2024-11-13,2024,Nov 2024,46,Wednesday
2024-11-14,2024,Nov 2024,46,Thursday
2024-11-15,2024,Nov 2024,46,Friday
2024-11-16,2024,Nov 2024,46,Saturday
2024-11-17,2024,Nov 2024,46,Sunday
2024-11-18,2024,Nov 2024,47,Monday
2024-11-19,2024,Nov 2024,47,Tuesday
2024-11-20,2024,Nov 2024,47,Wednesday
2024-11-21,2024,Nov 2024,47,Thursday
2024-11-22,2024,Nov 2024,47,Friday
2024-11-23,2024,Nov 2024,47,Saturday
2024-11-24,2024,Nov 2024,47,Sunday
2024-11-25,2024,Nov 2024,48,Monday
2024-11-26,2024,Nov 2024,48,Tuesday
2024-11-27,2024,Nov 2024,48,Wednesday
2024-11-28,2024,Nov 2024,48,Thursday
2024-11-29,2024,Nov 2024,48,Friday
2024-11-30,2024,Nov 2024,48,Saturday
2024-12-01,2024,Dec 2024,48,Sunday
2024-12-02,2024,Dec 2024,49,Monday
2024-12-03,2024,Dec 2024,49,Tuesday
2024-12-04,2024,Dec 2024,49,Wednesday
2024-12-05,2024,Dec 2024,49,Thursday
2024-12-06,2024,Dec 2024,49,Friday
2024-12-07,2024,Dec 2024,49,Saturday
2024-12-08,2024,Dec 2024,49,Sunday
2024-12-09,2024,Dec 2024,50,Monday
2024-12-10,2024,Dec 2024,50,Tuesday
2024-12-11,2024,Dec 2024,50,Wednesday
2024-12-12,2024,Dec 2024,50,Thursday
2024-12-13,2024,Dec 2024,50,Friday
2024-12-14,2024,Dec 2024,50,Saturday
2024-12-15,2024,Dec 2024,50,Sunday
2024-12-16,2024,Dec 2024,51,Monday
2024-12-17,2024,Dec 2024,51,Tuesday
2024-12-18,2024,Dec 2024,51,Wednesday
2024-12-19,2024,Dec 2024,51,Thursday
2024-12-20,2024,Dec 2024,51,Friday
2024-12-21,2024,Dec 2024,51,Saturday
2024-12-22,2024,Dec 2024,51,Sunday
2024-12-23,2024,Dec 2024,52,Monday
2024-12-24,2024,Dec 2024,52,Tuesday
2024-12-25,2024,Dec 2024,52,Wednesday
2024-12-26,2024,Dec 2024,52,Thursday
2024-12-27,2024,Dec 2024,52,Friday
2024-12-28,2024,Dec 2024,52,Saturday
2024-12-29,2024,Dec 2024,52,Sunday
2024-12-30,2024,Dec 2024,1,Monday
2024-12-31,2024,Dec 2024,1,Tuesday
2025-01-01,2025,Jan 2025,1,Wednesday
2025-01-02,2025,Jan 2025,1,Thursday
2025-01-03,2025,Jan 2025,1,Friday
2025-01-04,2025,Jan 2025,1,Saturday
2025-01-05,2025,Jan 2025,1,Sunday
2025-01-06,2025,Jan 2025,2,Monday
2025-01-07,2025,Jan 2025,2,Tuesday
2025-01-08,2025,Jan 2025,2,Wednesday
2025-01-09,2025,Jan 2025,2,Thursday
2025-01-10,2025,Jan 2025,2,Friday
2025-01-11,2025,Jan 2025,2,Saturday
2025-01-12,2025,Jan 2025,2,Sunday
2025-01-13,2025,Jan 2025,3,Monday
2025-01-14,2025,Jan 2025,3,Tuesday
2025-01-15,2025,Jan 2025,3,Wednesday
2025-01-16,2025,Jan 2025,3,Thursday
2025-01-17,2025,Jan 2025,3,Friday
2025-01-18,2025,Jan 2025,3,Saturday
2025-01-19,2025,Jan 2025,3,Sunday
2025-01-20,2025,Jan 2025,4,Monday
2025-01-21,2025,Jan 2025,4,Tuesday
2025-01-22,2025,Jan 2025,4,Wednesday
2025-01-23,2025,Jan 2025,4,Thursday
2025-01-24,2025,Jan 2025,4,Friday
2025-01-25,2025,Jan 2025,4,Saturday
2025-01-26,2025,Jan 2025,4,Sunday
2025-01-27,2025,Jan 2025,5,Monday
2025-01-28,2025,Jan 2025,5,Tuesday
2025-01-29,2025,Jan 2025,5,Wednesday
2025-01-30,2025,Jan 2025,5,Thursday
2025-01-31,2025,Jan 2025,5,Friday
2025-02-01,2025,Feb 2025,5,Saturday
2025-02-02,2025,Feb 2025,5,Sunday
2025-02-03,2025,Feb 2025,6,Monday
2025-02-04,2025,Feb 2025,6,Tuesday
2025-02-05,2025,Feb 2025,6,Wednesday
2025-02-06,2025,Feb 2025,6,Thursday
2025-02-07,2025,Feb 2025,6,Friday
2025-02-08,2025,Feb 2025,6,Saturday
2025-02-09,2025,Feb 2025,6,Sunday
2025-02-10,2025,Feb 2025,7,Monday
2025-02-11,2025,Feb 2025,7,Tuesday
2025-02-12,2025,Feb 2025,7,Wednesday
2025-02-13,2025,Feb 2025,7,Thursday
2025-02-14,2025,Feb 2025,7,Friday
2025-02-15,2025,Feb 2025,7,Saturday
2025-02-16,2025,Feb 2025,7,Sunday
2025-02-17,2025,Feb 2025,8,Monday
2025-02-18,2025,Feb 2025,8,Tuesday
2025-02-19,2025,Feb 2025,8,Wednesday
2025-02-20,2025,Feb 2025,8,Thursday
2025-02-21,2025,Feb 2025,8,Friday
2025-02-22,2025,Feb 2025,8,Saturday
2025-02-23,2025,Feb 2025,8,Sunday
2025-02-24,2025,Feb 2025,9,Monday
2025-02-25,2025,Feb 2025,9,Tuesday
2025-02-26,2025,Feb 2025,9,Wednesday
2025-02-27,2025,Feb 2025,9,Thursday
2025-02-28,2025,Feb 2025,9,Friday
2025-03-01,2025,Mar 2025,9,Saturday
2025-03-02,2025,Mar 2025,9,Sunday
2025-03-03,2025,Mar 2025,10,Monday
2025-03-04,2025,Mar 2025,10,Tuesday
2025-03-05,2025,Mar 2025,10,Wednesday
2025-03-06,2025,Mar 2025,10,Thursday
2025-03-07,2025,Mar 2025,10,Friday
2025-03-08,2025,Mar 2025,10,Saturday
2025-03-09,2025,Mar 2025,10,Sunday
2025-03-10,2025,Mar 2025,11,Monday
2025-03-11,2025,Mar 2025,11,Tuesday
2025-03-12,2025,Mar 2025,11,Wednesday
2025-03-13,2025,Mar 2025,11,Thursday
2025-03-14,2025,Mar 2025,11,Friday
2025-03-15,2025,Mar 2025,11,Saturday
2025-03-16,2025,Mar 2025,11,Sunday
2025-03-17,2025,Mar 2025,12,Monday
2025-03-18,2025,Mar 2025,12,Tuesday
2025-03-19,2025,Mar 2025,12,Wednesday
2025-03-20,2025,Mar 2025,12,Thursday
2025-03-21,2025,Mar 2025,12,Friday
2025-03-22,2025,Mar 2025,12,Saturday
2025-03-23,2025,Mar 2025,12,Sunday
2025-03-24,2025,Mar 2025,13,Monday
2025-03-25,2025,Mar 2025,13,Tuesday
2025-03-26,2025,Mar 2025,13,Wednesday
2025-03-27,2025,Mar 2025,13,Thursday
2025-03-28,2025,Mar 2025,13,Friday
2025-03-29,2025,Mar 2025,13,Saturday
2025-03-30,2025,Mar 2025,13,Sunday
2025-03-31,2025,Mar 2025,14,Monday
2025-04-01,2025,Apr 2025,14,Tuesday
2025-04-02,2025,Apr 2025,14,Wednesday
2025-04-03,2025,Apr 2025,14,Thursday
2025-04-04,2025,Apr 2025,14,Friday
2025-04-05,2025,Apr 2025,14,Saturday
2025-04-06,2025,Apr 2025,14,Sunday
2025-04-07,2025,Apr 2025,15,Monday
2025-04-08,2025,Apr 2025,15,Tuesday
2025-04-09,2025,Apr 2025,15,Wednesday
2025-04-10,2025,Apr 2025,15,Thursday
2025-04-11,2025,Apr 2025,15,Friday
2025-04-12,2025,Apr 2025,15,Saturday
2025-04-13,2025,Apr 2025,15,Sunday
2025-04-14,2025,Apr 2025,16,Monday
2025-04-15,2025,Apr 2025,16,Tuesday
2025-04-16,2025,Apr 2025,16,Wednesday
2025-04-17,2025,Apr 2025,16,Thursday
2025-04-18,2025,Apr 2025,16,Friday
2025-04-19,2025,Apr 2025,16,Saturday
2025-04-20,2025,Apr 2025,16,Sunday
2025-04-21,2025,Apr 2025,17,Monday
2025-04-22,2025,Apr 2025,17,Tuesday
2025-04-23,2025,Apr 2025,17,Wednesday
2025-04-24,2025,Apr 2025,17,Thursday
2025-04-25,2025,Apr 2025,17,Friday
2025-04-26,2025,Apr 2025,17,Saturday
2025-04-27,2025,Apr 2025,17,Sunday
2025-04-28,2025,Apr 2025,18,Monday
2025-04-29,2025,Apr 2025,18,Tuesday
2025-04-30,2025,Apr 2025,18,Wednesday
2025-05-01,2025,May 2025,18,Thursday
2025-05-02,2025,May 2025,18,Friday
2025-05-03,2025,May 2025,18,Saturday
2025-05-04,2025,May 2025,18,Sunday
2025-05-05,2025,May 2025,19,Monday
2025-05-06,2025,May 2025,19,Tuesday
2025-05-07,2025,May 2025,19,Wednesday
2025-05-08,2025,May 2025,19,Thursday
2025-05-09,2025,May 2025,19,Friday
2025-05-10,2025,May 2025,19,Saturday
2025-05-11,2025,May 2025,19,Sunday
2025-05-12,2025,May 2025,20,Monday
2025-05-13,2025,May 2025,20,Tuesday
2025-05-14,2025,May 2025,20,Wednesday
2025-05-15,2025,May 2025,20,Thursday
2025-05-16,2025,May 2025,20,Friday
2025-05-17,2025,May 2025,20,Saturday
2025-05-18,2025,May 2025,20,Sunday
2025-05-19,2025,May 2025,21,Monday
2025-05-20,2025,May 2025,21,Tuesday
2025-05-21,2025,May 2025,21,Wednesday
2025-05-22,2025,May 2025,21,Thursday
2025-05-23,2025,May 2025,21,Friday
2025-05-24,2025,May 2025,21,Saturday
2025-05-25,2025,May 2025,21,Sunday
2025-05-26,2025,May 2025,22,Monday
2025-05-27,2025,May 2025,22,Tuesday
2025-05-28,2025,May 2025,22,Wednesday
2025-05-29,2025,May 2025,22,Thursday
2025-05-30,2025,May 2025,22,Friday
2025-05-31,2025,May 2025,22,Saturday
2025-06-01,2025,Jun 2025,22,Sunday
2025-06-02,2025,Jun 2025,23,Monday
2025-06-03,2025,Jun 2025,23,Tuesday
2025-06-04,2025,Jun 2025,23,Wednesday
2025-06-05,2025,Jun 2025,23,Thursday
2025-06-06,2025,Jun 2025,23,Friday
2025-06-07,2025,Jun 2025,23,Saturday
2025-06-08,2025,Jun 2025,23,Sunday
2025-06-09,2025,Jun 2025,24,Monday
2025-06-10,2025,Jun 2025,24,Tuesday
2025-06-11,2025,Jun 2025,24,Wednesday
2025-06-12,2025,Jun 2025,24,Thursday
2025-06-13,2025,Jun 2025,24,Friday
2025-06-14,2025,Jun 2025,24,Saturday
2025-06-15,2025,Jun 2025,24,Sunday
2025-06-16,2025,Jun 2025,25,Monday
2025-06-17,2025,Jun 2025,25,Tuesday
2025-06-18,2025,Jun 2025,25,Wednesday
2025-06-19,2025,Jun 2025,25,Thursday
2025-06-20,2025,Jun 2025,25,Friday
2025-06-21,2025,Jun 2025,25,Saturday
2025-06-22,2025,Jun 2025,25,Sunday
2025-06-23,2025,Jun 2025,26,Monday
2025-06-24,2025,Jun 2025,26,Tuesday
2025-06-25,2025,Jun 2025,26,Wednesday
2025-06-26,2025,Jun 2025,26,Thursday
2025-06-27,2025,Jun 2025,26,Friday
2025-06-28,2025,Jun 2025,26,Saturday
2025-06-29,2025,Jun 2025,26,Sunday
2025-06-30,2025,Jun 2025,27,Monday
2025-07-01,2025,Jul 2025,27,Tuesday
2025-07-02,2025,Jul 2025,27,Wednesday
2025-07-03,2025,Jul 2025,27,Thursday
2025-07-04,2025,Jul 2025,27,Friday
2025-07-05,2025,Jul 2025,27,Saturday
2025-07-06,2025,Jul 2025,27,Sunday
2025-07-07,2025,Jul 2025,28,Monday
2025-07-08,2025,Jul 2025,28,Tuesday
2025-07-09,2025,Jul 2025,28,Wednesday
2025-07-10,2025,Jul 2025,28,Thursday
2025-07-11,2025,Jul 2025,28,Friday
2025-07-12,2025,Jul 2025,28,Saturday
2025-07-13,2025,Jul 2025,28,Sunday
